{
    "서울": [
      "강남 / 역삼 / 삼성",
      "서울역 / 이태원 / 용산",
      "마포 / 홍대 / 신촌 / 서대문",
      "영등포 / 여의도 / 김포국제공항",
      "신림 / 구로 / 금천",
      "성북 / 동대문 / 중랑"
    ],
    "경기": [
      "수원 / 성남 / 판교",
      "가평 / 양평 / 포천",
      "고양 / 의정부 / 파주 / 김포",
      "송도 / 인천공항 / 용인",
      "부천 / 안산 / 시흥",
      "남양주 / 하남 / 평택",
      "광명 / 과천 / 군포",
      "구리 / 동두천 / 오산",
      "안양 / 의왕 / 안성"
    ],
    "제주": [
      "제주시 / 제주국제공항",
      "서귀포시 / 중문단지",
      "애월 / 함덕 / 김녕",
      "성산일출봉 / 표선"
    ],
    "강원": [
      "춘천 / 원주 / 강릉",
      "속초 / 양양 / 인제",
      "홍천 / 평창 / 정선"
    ],
    "전라": [
      "전주 / 익산 / 군산",
      "여수 / 순천 / 광양",
      "목포 / 나주 / 무안"
    ],
    "경상": [
      "대구 / 경산 / 구미",
      "부산 / 울산 / 양산",
      "창원 / 진주 / 거제"
    ],
    "부산": [
      "서면 / 해운대 / 광안리",
      "남포동 / 자갈치 / 송정",
      "사상 / 사하 / 동래",
      "영도 / 기장 / 북구"
    ]
  }
  